TIC,stype,inner_key,outer_key,inner_radius,outer_radius,inner_error,outer_error,inner_frac_error,outer_frac_error,period_ratio
10837041,K,2411.01,2411.02,1.7489088050751456,2.643124311741326,0.1799739353687516,0.2718957826052413,0.1029064150437613,0.1028690861785886,16.67444388347483
10837041,K,2411.02,2411.03,2.643124311741326,3.105997916597836,0.2718957826052413,0.3081033058910773,0.1028690861785886,0.0991962371399653,1.5239189996131877
20318757,K,1027.01,1027.03,2.87648,2.52314,0.314177,0.302798,0.1092227305595728,0.1200084022289686,1.526235904145525
20318757,K,1027.03,1027.02,2.52314,2.76586,0.302798,0.268927,0.1200084022289686,0.0972308793648268,2.2007634222074257
27491137,K,2076.01,2076.03,2.4103205639147056,3.78219,0.35092917,0.24189,0.1455943973817494,0.0639550101925075,2.029217370787641
27491137,K,2076.03,2076.02,3.78219,3.17021,0.24189,0.207547,0.0639550101925075,0.0654679027572305,1.671436493614104
31374837,K,431.02,431.01,1.4741529433548912,3.2809491788409684,0.1615313,0.32790983,0.1095756724077662,0.0999435870920249,25.42757123568264
42883782,G,5788.02,5788.01,1.53236,1.99447,0.121079,0.13912,0.0790147223889947,0.0697528666763601,2.559497739790856
52368076,K,125.01,125.02,2.66889,2.62011,0.203698,0.183373,0.0763231156023665,0.0699867562812248,1.9680773037302817
52368076,K,125.02,125.03,2.62011,2.54717,0.183373,0.192388,0.0699867562812248,0.0755300981088816,2.1825994459080014
53498154,G,5624.02,5624.03,2.27887,2.23283,0.143888,0.153859,0.0631400650322308,0.0689076194784197,2.3258414823467235
54962195,M,663.01,663.02,2.431285404886721,2.662637512594259,0.40144834,0.19985478,0.1651177353317367,0.0750589515300855,1.806761697386425
64282927,K,5949.01,5949.02,1.40901,0.974713,0.0981889,0.102243,0.06968644651209,0.1048954923141478,1.7928031048492152
80224448,G,6965.01,6965.02,1.3473607884413676,1.622134449735798,0.17746069,0.18024719,0.1317098519731209,0.1111172936555027,4.702261228351502
92226327,M,256.02,256.01,1.5659937175726129,1.8439453091989408,0.20743896,0.114572965,0.1324647459771059,0.0621346871994666,6.54783550958922
101011575,K,560.01,560.02,2.62025,1.99787,0.21636,0.167093,0.0825722736380116,0.0836355718840565,2.9507811284544467
102840239,K,815.01,815.02,2.62397,2.1838,0.163711,0.168773,0.0623905761117695,0.0772840919498122,65.59619600011855
110795273,K,7504.02,7504.01,2.4850969661439333,2.9723030738404086,0.1440739212950074,0.2616723916766758,0.0579751708918479,0.0880369145326011,2.1311625671559344
130181866,G,1726.01,1726.02,2.2881711022293185,2.5734283075190536,0.15279806,0.30035052,0.0667773751058791,0.1167122158104947,2.89026532957185
142748283,M,2096.01,2096.02,1.6229795698534404,2.0414710435543686,0.20758255,0.18525308,0.1279021337395795,0.0907448972077797,2.047987688351401
143168991,K,7580.02,7580.03,2.266349261955325,2.994852654532641,0.2131164040112131,0.2774996234932814,0.0940351108228322,0.0926588568800845,2.0742463434882588
143168991,K,7580.03,7580.01,2.994852654532641,3.656090803630669,0.2774996234932814,0.3277343195134783,0.0926588568800845,0.0896406399939582,1.5865427909978616
150030205,K,286.01,286.02,1.40246,1.84555,0.0932244,0.14205,0.0664720562440283,0.0769689252526347,8.724373116863736
150151262,K,712.01,712.02,2.24794,2.45531,0.243983,0.262497,0.1085362598645871,0.1069099217614069,5.424106271860718
150151262,K,712.02,712.04,2.45531,2.03857,0.262497,0.226089,0.1069099217614069,0.1109056838862536,1.6410076947872605
158241252,G,4443.01,4443.02,1.7193264817513465,2.2122841046476336,0.13466027,0.36691362,0.0783215238229983,0.1658528482979092,5.572795200624127
160045097,K,1782.02,1782.01,2.1268375105730164,2.470307680061542,0.24079674,0.39980054,0.1132182119240148,0.1618424066066296,2.7269685369990238
160045097,K,1782.01,1782.03,2.470307680061542,2.973753599110588,0.39980054,0.4100799,0.1618424066066296,0.1378997574387634,3.7604417500947527
164767175,G,266.01,266.02,2.083610116223644,1.9806228945079003,0.1334002566701318,0.1373095281821994,0.0640236172935787,0.0693264369320112,1.8235391178418856
167415965,G,214.02,214.01,0.808552,1.57606,0.0723759,0.102251,0.0895129812306444,0.0648776061825057,1.9135494872555692
182992572,K,7665.02,7665.01,1.3246573766882326,2.033099561800282,0.1106502368346974,0.1732262025360442,0.0835312125097082,0.0852030101185279,2.6922634433256394
198390247,K,1453.02,1453.01,1.17405,2.12746,0.0928722,0.149295,0.0791041267407691,0.0701752324368025,1.5274481344880173
219175972,M,2441.02,2441.01,2.031906219779192,2.96983170206523,0.26606938,0.29829437,0.1309456988762571,0.1004415064303358,2.3219171678515864
219508169,K,2016.02,2016.01,2.74738,2.98458,0.185035,0.200667,0.0673496203655846,0.0672345857708622,2.771861821186985
219508169,K,2016.01,2016.03,2.98458,3.23582,0.200667,0.439412,0.0672345857708622,0.1357961814934081,3.71722037076717
219852882,K,1346.02,1346.01,2.523581787134971,2.7049797239581426,0.28278598,0.20770392,0.1120573866246862,0.0767857585623861,3.1224548676585093
230377505,G,1706.01,1706.02,2.07194,1.67743,0.120761,0.138978,0.058284023668639,0.0828517434408589,1.6400402807400962
233617847,G,1440.02,1440.01,1.43332,2.43592,0.137271,0.167012,0.095771356012614,0.0685621859502775,3.353369682184536
259377017,M,270.03,270.01,1.223466617017458,2.407087230875584,0.0722124521354805,0.11973171,0.0590228218171727,0.0497413257252198,1.6846094922881114
259377017,M,270.01,270.02,2.407087230875584,2.0234009062750817,0.11973171,0.0786569633019303,0.0497413257252198,0.0388736424195496,2.0103453356591388
260417932,K,932.02,932.01,1.70724,2.7470788403583057,0.149537,0.3770876,0.0875899112017056,0.1372685757904261,2.418163346648992
261257684,K,904.01,904.02,2.3096129984998166,2.340834103214928,0.41049486,0.32274127,0.177733178790833,0.1378744737000984,7.722467296253489
269701147,G,1339.01,1339.02,3.20594,3.1455035278275822,0.162835,0.21427958,0.0507916554894976,0.0681225050629622,3.2184029326574093
269701147,G,1339.02,1339.03,3.1455035278275822,3.2843583134709653,0.21427958,0.1753467,0.0681225050629622,0.0533884196741891,1.3418644596307256
278683844,K,119.01,119.02,1.968756124085269,1.8105614490372497,0.1196785606389439,0.1157966514027,0.060788921072969,0.0639562117398853,1.929528116052582
279741379,K,186.02,186.01,1.00084,3.12194,0.107854,0.291907,0.1077634786779105,0.0935017969595828,4.571820119627112
288631580,G,1659.02,1659.01,1.18609,2.182290426840325,0.100029,0.3097249,0.0843350841841681,0.14192652645617,1.729421279002981
295593712,G,4418.01,4418.02,2.26441,2.81726,0.171371,0.185269,0.0756801992572016,0.0657621234816807,3.3717458304084724
299798795,M,1224.01,1224.02,2.102385378506385,3.383912417836091,0.30378047,0.15954576,0.1444932375889226,0.0471483124560371,4.294931485082306
304690618,G,6655.01,6655.02,2.31017,2.49711,0.162042,0.190459,0.0701428899171922,0.0762717701663122,1.8870349393939885
306263608,G,1471.01,1471.02,3.91576,3.28372,0.267684,0.170049,0.0683606758330439,0.0517854750100495,2.530455106734866
307809773,M,4599.01,4599.02,1.27326,1.89602,0.0588576,0.173003,0.0462259082983836,0.0912453455132329,2.060335795684814
321669174,M,2081.02,2081.01,1.399684820810587,1.9479290186931912,0.21790844,0.3443212,0.1556839345259203,0.1767627037205878,2.0559711327439514
328933398,G,1873.03,1873.01,3.103923217934055,3.93465,0.22486447,0.232854,0.0724452424276358,0.0591803591170752,3.5591386770533617
354518617,K,2540.01,2540.02,2.592463296673522,2.28729,0.2972776,0.247107,0.114669935879689,0.1080348359849428,1.7361800048479803
367630162,K,2104.04,2104.01,1.16969,1.46772,0.0963535,0.109967,0.0823752447229607,0.0749236911672526,1.6524201760669746
367630162,K,2104.01,2104.02,1.46772,1.35959,0.109967,0.110126,0.0749236911672526,0.0809994189424753,1.8043418111929308
367630162,K,2104.02,2104.05,1.35959,1.6790876424356902,0.110126,0.27665547,0.0809994189424753,0.1647653541173602,1.6193279856528242
367630162,K,2104.05,2104.03,1.6790876424356902,1.86864,0.27665547,0.151508,0.1647653541173602,0.0810792876102406,1.5877732464733758
368435330,G,1797.02,1797.01,1.53671,2.99324,0.120057,0.165456,0.0781259964469548,0.0552765565073298,3.5130268003159952
375059587,G,786.01,786.02,2.30678,2.14038,0.159921,0.136663,0.0693265070791319,0.0638498771246227,3.043066753092374
377064495,G,561.02,561.01,1.48867,2.6584,0.100506,0.157545,0.0675139554098624,0.0592630905808004,24.136869073314838
393546540,K,5696.02,5696.01,2.6538,3.16626,0.143145,0.182537,0.0539396337327605,0.0576506667171994,50.48653504385389
394672497,K,3485.02,3485.01,1.49811,2.20757,0.149393,0.187216,0.0997209817703639,0.0848063708059087,1.961163134266612
425997655,K,174.04,174.05,0.757588,0.969819,0.0655541,0.073197,0.086530013674979,0.0754749082045206,1.9884968461028816
425997655,K,174.05,174.03,0.969819,1.15643,0.073197,0.097689,0.0754749082045206,0.0844746331381925,1.5380516787966931
425997655,K,174.03,174.01,1.15643,1.921343472017504,0.097689,0.149838311308784,0.0844746331381925,0.0779862182327277,1.452614026197806
425997655,K,174.01,174.02,1.921343472017504,1.60982,0.149838311308784,0.115321,0.0779862182327277,0.0716359592997974,1.686603719877154
431810418,G,5968.02,5968.01,2.47478,1.90769,0.171555,0.184916,0.0693213134096768,0.0969318914498686,81.80171612702465
440887364,K,836.02,836.01,1.69257,2.64032,0.158074,0.246702,0.0933928877387641,0.093436401648285,2.252055491955383
441798995,M,2269.02,2269.03,1.42162,1.84659036260576,0.123241,0.26620564,0.0866905361489005,0.144160635401753,3.66152515901411
456260074,K,6249.02,6249.01,2.586424607598546,3.138410121634112,0.33543804,0.38553283,0.1296917911368964,0.1228433554118351,70.11739510405465
462553953,G,4156.01,4156.02,2.32515,3.095406522922576,0.156053,0.46385154,0.0671152398769971,0.1498515741195916,2.873821077523804
467179528,M,1266.01,1266.02,2.469141398995061,1.911228226880924,0.28267094,0.31726363,0.1144814712170987,0.1659998662314475,1.7257350717484266
